idx,x,y,line,s_mm,pmod,sigma,w,d,asym,clipped
2,5.0,0.0,0,5.0,1.0,0.0002,0.00016384201049804686,6.333677291870117e-05,0.0,
3,10.0,0.0,0,10.0,1.0,0.0002,0.00016384201049804686,6.333677291870117e-05,0.0,
5,4.942265000000001,0.1,1,15.0,1.0,0.0002,0.00017345886230468754,7.633136749267576e-05,6.556701660156202e-06,
6,0.057735,0.1,1,19.88453,1.0,0.0002,0.0001680235862731934,6.99034309387207e-05,1.6107559204104477e-06,
8,5.11547,0.2,2,24.88453,1.0,0.0002,0.000178513240814209,8.35516357421875e-05,-1.0460472106933304e-05,
9,9.88453,0.2,2,29.65359,1.0,0.0002,0.00017274856567382822,7.610904693603515e-05,-5.022430419921852e-06,
11,4.826795000000001,0.3,3,34.65359,1.0,0.0002,0.00018177261352539061,8.899600982666014e-05,1.3174438476562262e-05,
12,0.173205,0.3,3,39.30718,1.0,0.0002,0.00017486906051635757,7.993934631347655e-05,6.413078308105478e-06,
14,5.23094,0.4,4,44.30718,1.0,0.0002,0.00018407564163208006,9.295955657958983e-05,-1.5209007263183513e-05,
15,9.76906,0.4,4,48.8453,1.0,0.0002,0.00017699947357177745,8.329767227172852e-05,-8.186721801757557e-06,
17,4.711325,0.5,5,53.8453,1.0,0.0002,0.00018578147888183576,9.612723350524901e-05,1.678390502929698e-05,
18,0.288675,0.5,5,58.26795,1.0,0.0002,0.00017831754684448256,8.581438064575195e-05,9.232521057128944e-06,
20,5.34641,0.6,6,63.26795,1.0,0.0002,0.0001870985984802245,9.909952163696288e-05,-1.8061637878417827e-05,
21,9.65359,0.6,6,67.57513,1.0,0.0002,0.00017956838607788078,8.797481536865234e-05,-1.0375022888183504e-05,
23,4.595855,0.7,7,72.57513,1.0,0.0002,0.00018813514709472645,0.00010186098098754882,1.9110870361328282e-05,
24,0.404145,0.7,7,76.76684,1.0,0.0002,0.000180469512939453,8.973373413085936e-05,1.1183929443359629e-05,
26,5.46188,0.8,8,81.76684,1.0,0.0002,0.00018897247314453107,0.00010414116859436035,-2.000198364257794e-05,
27,9.53812,0.8,8,85.84308,1.0,0.0002,0.00018130025863647456,9.125971794128417e-05,-1.2010383605957128e-05,
29,4.480385,0.9,9,90.84308,1.0,0.0002,0.00018969526290893543,0.00010606355667114258,2.083835601806661e-05,
30,0.519615,0.9,9,94.80385,1.0,0.0002,0.0001819570541381837,9.256482124328613e-05,1.2667846679687792e-05,
32,5.57735,1.0,10,99.80385,1.0,0.0002,0.00019115209579467773,0.0001076982021331787,-2.3284721374511493e-05,
33,9.42265,1.0,10,103.64914999999999,1.0,0.0002,0.00018255653381347645,9.368152618408204e-05,-1.3316726684570353e-05,
35,4.364915,1.1,11,108.64914999999999,1.0,0.0002,0.0001924030303955078,0.00010908649444580078,2.5418090820312784e-05,
36,0.635085,1.1,11,112.37897999999998,1.0,0.0002,0.00018306083679199233,9.468511581420898e-05,1.3874053955078344e-05,
38,5.69282,1.2,12,117.37897999999998,1.0,0.0002,0.00019348945617675786,0.00011029234886169434,-2.730979919433581e-05,
39,9.30718,1.2,12,120.99333999999999,1.0,0.0002,0.00018352108001709003,9.556855201721192e-05,-1.4419555664062396e-05,
41,4.249445,1.3,13,125.99333999999999,1.0,0.0002,0.00019444503784179687,0.0001113279628753662,2.9004669189453425e-05,
42,0.750555,1.3,13,129.49222999999998,1.0,0.0002,0.00018392705917358396,9.638611793518065e-05,1.4912986755371595e-05,
44,5.8082899999999995,1.4,14,134.49222999999998,1.0,0.0002,0.0001956222534179688,0.00011224437713623045,-3.1197738647461074e-05,
45,9.19171,1.4,14,137.87564999999998,1.0,0.0002,0.00018430070877075203,9.710996627807617e-05,-1.5395164489745688e-05,
47,4.1339749999999995,1.5,15,142.87564999999998,1.0,0.0002,0.0001972847938537599,0.00011304143905639647,3.440189361572296e-05,
48,0.866025,1.5,15,146.1436,1.0,0.0002,0.0001846435546875001,9.779491424560547e-05,1.5850830078125138e-05,
50,5.92376,1.6,16,151.1436,1.0,0.0002,0.00019882030487060548,0.00011375921249389648,-3.7390518188476496e-05,
51,9.07624,1.6,16,154.29608,1.0,0.0002,0.00018496322631835946,9.84167194366455e-05,-1.6300582885742185e-05,
53,4.018504999999999,1.7,17,159.29608,1.0,0.0002,0.0002002382278442382,0.00011439599990844727,4.017333984375005e-05,
54,0.981495,1.7,17,162.33309,1.0,0.0002,0.00018526468276977527,9.921372413635254e-05,1.673488616943386e-05,
56,6.03923,1.8,18,167.33309,1.0,0.0002,0.000201583480834961,0.00011497865676879883,-4.2837905883788985e-05,
57,8.96077,1.8,18,170.25463,1.0,0.0002,0.00018554954528808608,0.00010001676559448242,-1.7166519165038967e-05,
59,3.903034000000001,1.9,19,175.25463,1.0,0.0002,0.00020284585952758788,0.00011550637245178223,4.535541534423813e-05,
60,1.096966,1.9,19,178.060698,1.0,0.0002,0.0001858253479003905,0.00010081870079040528,1.7594528198242206e-05,
62,6.154701,2.0,20,183.060698,1.0,0.0002,0.00020406808853149416,0.00011599349975585936,-4.781398773193342e-05,
63,8.845299,2.0,20,185.751296,1.0,0.0002,0.00018609056472778328,0.00010159265518188475,-1.8023872375488078e-05,
65,3.7875639999999997,2.1,21,190.751296,1.0,0.0002,0.00020524263381958016,0.00011644015312194824,5.0189399719238574e-05,
66,1.212436,2.1,21,193.326424,1.0,0.0002,0.0001863512992858888,0.00010236148834228515,1.8453788757324518e-05,
68,6.270171000000001,2.2,22,198.326424,1.0,0.0002,0.00020639142990112316,0.00011686221122741698,-5.253047943115218e-05,
69,8.729829,2.2,22,200.786082,1.0,0.0002,0.0001866059303283691,0.00010312012672424316,-1.8887519836425625e-05,
71,3.6720939999999986,2.3,23,205.786082,1.0,0.0002,0.00020751371383667,0.00011725735664367675,5.482578277587894e-05,
72,1.327906,2.3,23,208.13027,1.0,0.0002,0.00018685827255249038,0.00010388021469116211,1.9326591491699435e-05,
74,6.385641,2.4,24,213.13027,1.0,0.0002,0.00020862741470336916,0.00011763616561889648,-5.711956024169896e-05,
75,8.614359,2.4,24,215.358988,1.0,0.0002,0.00018710899353027353,0.00010464093208312986,-1.9773483276367115e-05,
77,3.5566239999999993,2.5,25,220.358988,1.0,0.0002,0.00020973234176635742,0.00011799009323120116,5.9403038024902644e-05,
78,1.443376,2.5,25,222.472236,1.0,0.0002,0.00018736066818237306,0.00010540735244750975,2.0230293273925965e-05,
80,6.501110999999999,2.6,26,227.472236,1.0,0.0002,0.00021084337234497067,0.00011833881378173826,-6.170978546142557e-05,
81,8.498889,2.6,26,229.47001400000002,1.0,0.0002,0.00018761272430419928,0.0001061941623687744,-2.0697402954101586e-05,
83,3.441153999999999,2.7,27,234.47001400000002,1.0,0.0002,0.00021195497512817383,0.00011867032051086424,6.40218734741212e-05,
84,1.558846,2.7,27,236.35232200000002,1.0,0.0002,0.00018788461685180654,0.00010698981285095214,2.1211051940918293e-05,
86,6.616581,2.8,28,241.35232200000002,1.0,0.0002,0.00021308193206787097,0.00011915408134460448,-6.637573242187491e-05,
87,8.383419,2.8,28,243.11916000000002,1.0,0.0002,0.00018817777633666996,0.0001077957534790039,-2.1776390075683386e-05,
89,3.3256840000000008,2.9,29,248.11916000000002,1.0,0.0002,0.0002142206192016602,0.00011977337837219238,6.875839233398424e-05,
90,1.674316,2.9,29,249.770528,1.0,0.0002,0.0001900179862976074,0.00010861843109130859,2.5440788269043193e-05,
92,6.732051000000001,3.0,30,254.770528,1.0,0.0002,0.00021540994644165048,0.00012037890434265136,-7.125034332275404e-05,
93,8.267949,3.0,30,256.306426,1.0,0.0002,0.00019353895187377928,0.00010946036338806153,-3.247470855712855e-05,
95,3.2102140000000006,3.1,31,261.306426,1.0,0.0002,0.0002166719436645509,0.00012097041130065917,7.38918304443361e-05,
96,1.789786,3.1,31,262.726854,1.0,0.0002,0.00019696617126464832,0.00011032291412353516,3.932571411132844e-05,
98,6.847521,3.2,32,267.726854,1.0,0.0002,0.00021795225143432626,0.00012155323028564452,-7.657794952392561e-05,
99,8.152479,3.2,32,269.031812,1.0,0.0002,0.00020032396316528307,0.0001112122631072998,-4.604587554931641e-05,
101,3.0947440000000004,3.3,33,274.031812,1.0,0.0002,0.00021926374435424808,0.00012213127136230468,7.933368682861352e-05,
102,1.905256,3.3,33,275.2213,1.0,0.0002,0.0002036007881164551,0.00011212527275085448,5.261058807373058e-05,
104,6.962991,3.4,34,280.2213,1.0,0.0002,0.0002206076622009276,0.0001227058982849121,-8.216037750244116e-05,
105,8.037009,3.4,34,281.295318,1.0,0.0002,0.00020680351257324208,0.00011306193351745604,-5.903358459472636e-05,
107,2.979274,3.5,35,286.295318,1.0,0.0002,0.00022197942733764658,0.0001232771301269531,8.504886627197289e-05,
108,2.020726,3.5,35,287.253866,1.0,0.0002,0.00020993757247924814,0.00011402523040771485,6.532535552978549e-05,
110,7.078461,3.6,36,292.253866,1.0,0.0002,0.00022339000701904308,0.00012384336471557615,-8.802108764648401e-05,
111,7.921539,3.6,36,293.096944,1.0,0.0002,0.00021299638748168955,0.00011501566886901854,-7.147274017333966e-05,
113,2.863804,3.7,37,298.096944,1.0,0.0002,0.00022483482360839842,0.00012440872192382812,9.107322692871117e-05,
114,2.136196,3.7,37,298.824552,1.0,0.0002,0.00021600894927978516,0.00011604253768920898,7.753601074218797e-05,
116,7.193931,3.8,38,303.824552,1.0,0.0002,0.00022632570266723634,0.00012497085571289062,-9.423160552978534e-05,
117,7.806069,3.8,38,304.43669,1.0,0.0002,0.00021898174285888664,0.00011709967613220213,-8.3525466918945e-05,
119,2.748334,3.9,39,309.43669,1.0,0.0002,0.00022785596847534192,0.0001255229091644287,9.749431610107419e-05,
120,2.251666,3.9,39,309.933358,1.0,0.0002,0.00022191343307495113,0.00011828359603881835,8.944225311279322e-05,
122,7.309400999999999,4.0,40,314.933358,1.0,0.0002,0.00022942104339599605,0.00012607142448425293,-0.00010089073181152302,
123,7.690599,4.0,40,315.314556,1.0,0.0002,0.00022483797073364242,0.00012072672843933105,-9.535083770751936e-05,
125,2.6328639999999996,4.1,41,320.314556,1.0,0.0002,0.00023099546432495122,0.0001266168212890625,0.0001044809341430664,
126,2.367136,4.1,41,320.580284,1.0,0.0002,0.00022771739959716797,0.000123026123046875,0.0001011772155761724,
128,7.4248709999999996,4.2,42,325.580284,1.0,0.0002,0.0002325211524963379,0.00012715603828430174,-0.00010841274261474618,
129,7.575129,4.2,42,325.730542,1.0,0.0002,0.00023056869506835943,0.00012521326065063475,-0.00010695762634277363,
131,2.5173940000000004,4.3,43,330.730542,1.0,0.0002,0.00023388528823852536,0.00012769771575927734,0.00011291675567626962,
132,2.482606,4.3,43,330.76533,1.0,0.0002,0.00023338537216186536,0.000127264986038208,0.00011267528533935546,
134,7.459659,4.4,44,335.684648,1.0,0.0002,0.00023619537353515617,0.00012920578002929687,-0.00011839027404785159,
136,2.598076,4.5,45,340.488496,1.0,0.0002,0.00023907546997070303,0.00013102124214172363,0.00012425613403320348,
138,7.344189,4.6,46,345.176874,1.0,0.0002,0.00024240236282348638,0.00013272491455078124,-0.0001310258865356447,
140,2.713546,4.7,47,349.749782,1.0,0.0002,0.00024575138092041023,0.0001343213081359863,0.00013784751892089884,
142,7.228719,4.8,48,354.20722,1.0,0.0002,0.00024914588928222673,0.00013581031799316407,-0.0001447738647460937,
144,2.829016,4.9,49,358.549188,1.0,0.0002,0.00025255546569824213,0.00013718605995178222,0.00015174217224121116,
146,7.113249,5.0,50,362.775686,1.0,0.0002,0.000256021785736084,0.0001384572124481201,-0.0001588373184204096,
148,2.944486,5.1,51,366.886714,1.0,0.0002,0.0002595331192016602,0.00013961917877197265,0.00016603469848632804,
150,6.997779,5.2,52,370.882272,1.0,0.0002,0.00026310739517211926,0.00014068039894104005,-0.0001733713150024411,
152,3.059956,5.3,53,374.76236,1.0,0.0002,0.0002679287910461426,0.00014163264274597167,0.00018321819305419955,
154,6.882309,5.4,54,378.526978,1.0,0.0002,0.0002729313850402832,0.00014247779846191406,-0.0001934423446655273,
156,3.175426,5.5,55,382.176126,1.0,0.0002,0.00027937040328979493,0.00014321258544921876,0.00020655727386474643,
158,6.766838,5.6,56,385.709802,1.0,0.0002,0.0002869759559631349,0.00014392452239990233,-0.0002220197677612304,
160,3.290897,5.7,57,389.128008,1.0,0.0002,0.00029448804855346667,0.00014471502304077148,0.0002373144149780274,
162,6.651368,5.8,58,392.430744,1.0,0.0002,0.00030191049575805664,0.00014539591789245604,-0.00025244884490966757,
164,3.406367,5.9,59,395.61801,1.0,0.0002,0.00030921249389648437,0.00014598297119140625,0.0002673614501953127,
166,6.535898,6.0,60,398.68980600000003,1.0,0.0002,0.00031686592102050785,0.00014645472526550295,-0.0002829990386962887,
168,3.521837,6.1,61,401.646132,1.0,0.0002,0.0003249336242675781,0.00014680973052978515,0.0002994869232177738,
170,6.420428,6.2,62,404.486988,1.0,0.0002,0.00033305139541625985,0.0001470470142364502,-0.00031609821319580076,
172,3.637307,6.3,63,407.212374,1.0,0.0002,0.0003418904304504395,0.00014716114997863767,0.0003341756820678713,
174,6.304958,6.4,64,409.82229,1.0,0.0002,0.00035164651870727543,0.0001471468448638916,-0.00035411205291748004,
176,3.752777,6.5,65,412.316736,1.0,0.0002,0.00036233549118042,0.0001470022964477539,0.0003759408950805665,
178,6.189488,6.6,66,414.695712,1.0,0.0002,0.0003742245674133301,0.00014672130584716795,-0.00040019931793212893,
180,3.868247,6.7,67,416.959218,1.0,0.0002,0.00038605794906616223,0.00014639877319335938,0.0004243715286254882,
182,6.074018,6.8,68,419.107254,1.0,0.0002,0.0003991378784179687,0.00014696002960205078,-0.0004510696411132811,
184,3.983717,6.9,69,421.13982,1.0,0.0002,0.0004124638557434083,0.0001486390686035156,0.0004782888412475585,
186,5.958548,7.0,70,423.056916,1.0,0.0002,0.0004275300025939942,0.00015030579566955568,-0.0005090219497680664,
188,4.099187,7.1,71,424.858542,1.0,0.0002,0.0004433916091918944,0.00015165777206420898,0.0005413784027099612,
190,5.843078,7.2,72,426.544698,1.0,0.0002,0.0004601560592651367,0.0001526760482788086,-0.0005755767822265623,
192,4.214657,7.3,73,428.115384,1.0,0.0002,0.00047850418090820295,0.00015333964347839357,0.000612975311279297,
194,5.727608,7.4,74,429.5706,1.0,0.0002,0.0004981164932250976,0.0001536420249938965,-0.0006529380798339843,
196,4.330127,7.5,75,430.910346,1.0,0.0002,0.0005190780639648437,0.00015408132553100586,0.0006956367492675784,
198,5.612138,7.6,76,432.134622,1.0,0.0002,0.0005416220664978029,0.00015489188194274902,-0.0007415334701538084,
200,4.445597,7.7,77,433.243428,1.0,0.0002,0.0005658937454223632,0.00015571359634399413,0.0007909229278564456,
202,5.496668,7.8,78,434.236764,1.0,0.0002,0.0005920392990112304,0.00015646037101745605,-0.0008440933227539063,
204,4.561067,7.9,79,435.11463,1.0,0.0002,0.000620151996612549,0.00015693483352661132,0.0009012281417846682,
206,5.381198,8.0,80,435.877026,1.0,0.0002,0.0006503281116485597,0.0001575116157531738,-0.0009625218391418455,
208,4.676537,8.1,81,436.523952,1.0,0.0002,0.000682606601715088,0.00015808481216430663,0.0010280378341674806,
210,5.265728,8.2,82,437.055408,1.0,0.0002,0.0007175094127655028,0.0001584986209869385,-0.0010988165855407715,
212,4.792007,8.3,83,437.471394,1.0,0.0002,0.0007547086715698243,0.00015888277053833008,0.0011741794586181643,
214,5.150258,8.4,84,437.77191,1.0,0.0002,0.0007946167469024658,0.00015924635887145996,-0.0012550404548645018,
216,4.907477,8.5,85,437.956956,1.0,0.0002,0.0008360033988952637,0.0001593882465362549,0.0013429834365844724,
218,5.034788,8.6,86,438.026532,1.0,0.0002,0.0008746260166168213,0.00015957938194274902,-0.0014475323677062986,
