idx,x,y,line,s_mm,pmod,sigma,w,d,asym,pinned
2,5.0,0.0,0,5.0,1.0,0.0002,0.00016384201049804686,6.333677291870117e-05,0.0,
3,10.0,0.0,0,10.0,1.0,0.0002,0.00016384201049804686,6.333677291870117e-05,0.0,
5,4.942265000000001,0.1,1,15.0,0.8435609160516776,0.00020014321465265436,0.00016228427886962873,6.336736679077147e-05,4.135513305664196e-06,
6,0.057735,0.1,1,19.88453,0.9077416309210337,0.00020210752678182517,0.0001630837440490722,6.337299346923826e-05,1.1537551879883638e-06,
8,5.11547,0.2,2,24.88453,0.7920248462539727,0.00020231495057710421,0.00016338834762573244,6.331912994384764e-05,-6.20365142822276e-06,
9,9.88453,0.2,2,29.65359,0.8567170245783343,0.00020417942357910067,0.00016344738006591791,6.33454895019531e-05,-2.6672363281246385e-06,
11,4.826795000000001,0.3,3,34.65359,0.7667296011298933,0.00020239574284315327,0.00016357469558715828,6.341308593749999e-05,7.47127532959007e-06,
12,0.173205,0.3,3,39.30718,0.8322282280004315,0.00020523574764223253,0.00016366262435913077,6.341039657592771e-05,3.3445358276367777e-06,
14,5.23094,0.4,4,44.30718,0.7480116148453487,0.00020268367701316674,0.0001636505126953124,6.341186523437498e-05,-8.386611938476438e-06,
15,9.76906,0.4,4,48.8453,0.813510591680684,0.0002057680124286184,0.00016368627548217756,6.340858459472656e-05,-4.044914245605359e-06,
17,4.711325,0.5,5,53.8453,0.7356888924712102,0.00020273357983234476,0.0001637064933776855,6.334331512451171e-05,9.079551696777183e-06,
18,0.288675,0.5,5,58.26795,0.7995744015715989,0.00020631279114490225,0.00016373291015624983,6.33464241027832e-05,4.510498046875113e-06,
20,5.34641,0.6,6,63.26795,0.7356888924712102,0.00020273357983234476,0.00016441364288330082,6.390375137329101e-05,-9.533309936523432e-06,
21,9.65359,0.6,6,67.57513,0.78961967341789,0.0002065743330538186,0.00016375646591186522,6.33472442626953e-05,-4.947853088378522e-06,
23,4.595855,0.7,7,72.57513,0.7206893057871434,0.00020216581471351063,0.00016363334655761707,6.338283538818358e-05,1.01161956787112e-05,
24,0.404145,0.7,7,76.76684,0.78961967341789,0.0002065743330538186,0.00016430521011352533,6.395944595336914e-05,5.26561737060555e-06,
26,5.46188,0.8,8,81.76684,0.7206893057871434,0.00020216581471351063,0.00016403121948242185,6.369255065917967e-05,-1.0407638549804216e-05,
27,9.53812,0.8,8,85.84308,0.7750420459500476,0.0002067628449668995,0.0001637002944946289,6.338872909545897e-05,-5.605697631835653e-06,
29,4.480385,0.9,9,90.84308,0.7206893057871434,0.00020216581471351063,0.00016451139450073243,6.386493682861326e-05,1.0733985900878915e-05,
30,0.519615,0.9,9,94.80385,0.7750420459500476,0.0002067628449668995,0.00016414651870727526,6.38798713684082e-05,5.884361267089865e-06,
32,5.57735,1.0,10,99.80385,0.7082387019200289,0.00020179407068003855,0.0001636704444885253,6.334022521972655e-05,-1.112155914306627e-05,
33,9.42265,1.0,10,103.64914999999999,0.7637538197984243,0.0002070908666270815,0.00016374015808105465,6.338563919067381e-05,-6.1504364013672055e-06,
35,4.364915,1.1,11,108.64914999999999,0.7082387019200289,0.00020179407068003855,0.00016393079757690433,6.342638015747069e-05,1.1338233947754024e-05,
36,0.635085,1.1,11,112.37897999999998,0.7637538197984243,0.0002070908666270815,0.00016404447555542004,6.369163513183593e-05,6.369972229003894e-06,
38,5.69282,1.2,12,117.37897999999998,0.7082387019200289,0.00020179407068003855,0.00016414384841918934,6.359237670898436e-05,-1.151943206787083e-05,
39,9.30718,1.2,12,120.99333999999999,0.7637538197984243,0.0002070908666270815,0.00016425600051879876,6.390350341796874e-05,-6.540107727050562e-06,
41,4.249445,1.3,13,125.99333999999999,0.7082387019200289,0.00020179407068003855,0.00016440515518188477,6.37593078613281e-05,1.173267364501995e-05,
42,0.750555,1.3,13,129.49222999999998,0.7517785193291231,0.00020731608250066966,0.00016372432708740238,6.33818244934082e-05,6.81533813476614e-06,
44,5.8082899999999995,1.4,14,134.49222999999998,0.7082387019200289,0.00020179407068003855,0.0001646043777465821,6.392518997192382e-05,-1.190910339355462e-05,
45,9.19171,1.4,14,137.87564999999998,0.7517785193291231,0.00020731608250066966,0.00016392993927001956,6.359903335571287e-05,-6.98318481445314e-06,
47,4.1339749999999995,1.5,15,142.87564999999998,0.6966530258322585,0.00020142425276213388,0.00016367731094360342,6.334032058715819e-05,1.2229728698730583e-05,
48,0.866025,1.5,15,146.1436,0.7517785193291231,0.00020731608250066966,0.000164122486114502,6.379234313964844e-05,7.14130401611307e-06,
50,5.92376,1.6,16,151.1436,0.6966530258322585,0.00020142425276213388,0.00016373405456542966,6.335922241210937e-05,-1.2339019775390193e-05,
51,9.07624,1.6,16,154.29608,0.7517785193291231,0.00020731608250066966,0.00016425123214721662,6.390594482421873e-05,-7.282447814941327e-06,
53,4.018504999999999,1.7,17,159.29608,0.6966530258322585,0.00020142425276213388,0.00016387081146240225,6.343475341796874e-05,1.2485122680664252e-05,
54,0.981495,1.7,17,162.33309,0.7413008365198765,0.0002075439051179655,0.0001637388229370118,6.338253021240234e-05,7.5168609619141215e-06,
56,6.03923,1.8,18,167.33309,0.6966530258322585,0.00020142425276213388,0.0001639804840087892,6.352077484130859e-05,-1.2617492675781172e-05,
57,8.96077,1.8,18,170.25463,0.7413008365198765,0.0002075439051179655,0.00016388607025146482,6.35361862182617e-05,-7.661819458007913e-06,
59,3.903034000000001,1.9,19,175.25463,0.6966530258322585,0.00020142425276213388,0.0001640839576721191,6.36151885986328e-05,1.2747001647949157e-05,
60,1.096966,1.9,19,178.060698,0.7413008365198765,0.0002075439051179655,0.00016401882171630843,6.367017745971678e-05,7.794570922851733e-06,
62,6.154701,2.0,20,183.060698,0.6966530258322585,0.00020142425276213388,0.00016419391632080068,6.370330810546873e-05,-1.288108825683561e-05,
63,8.845299,2.0,20,185.751296,0.7413008365198765,0.0002075439051179655,0.00016416397094726567,6.38278007507324e-05,-7.939910888671558e-06,
65,3.7875639999999997,2.1,21,190.751296,0.6966530258322585,0.00020142425276213388,0.0001643019676208495,6.379354476928711e-05,1.3015174865722932e-05,
66,1.212436,2.1,21,193.326424,0.7328241276458547,0.00020778518677312194,0.00016376018524169914,6.338035583496092e-05,8.151626586914377e-06,
68,6.270171000000001,2.2,22,198.326424,0.6966530258322585,0.00020142425276213388,0.00016440515518188477,6.387584686279297e-05,-1.3149070739745718e-05,
69,8.729829,2.2,22,200.786082,0.7328241276458547,0.00020778518677312194,0.00016390247344970701,6.353782653808592e-05,-8.298110961913602e-06,
71,3.6720939999999986,2.3,23,205.786082,0.6966530258322585,0.00020142425276213388,0.00016448097229003911,6.395763397216796e-05,1.3267898559570467e-05,
72,1.327906,2.3,23,208.13027,0.7328241276458547,0.00020778518677312194,0.00016401052474975582,6.364881515502928e-05,8.426475524902187e-06,
74,6.385641,2.4,24,213.13027,0.6865423636936051,0.00020131509456775755,0.00016370811462402342,6.334255218505859e-05,-1.3544845581054277e-05,
75,8.614359,2.4,24,215.358988,0.7328241276458547,0.00020778518677312194,0.00016414861679077148,6.380369186401367e-05,-8.577537536621181e-06,
77,3.5566239999999993,2.5,25,220.358988,0.6865423636936051,0.00020131509456775755,0.00016368446350097663,6.33042526245117e-05,1.361694335937514e-05,
78,1.443376,2.5,25,222.472236,0.7328241276458547,0.00020778518677312194,0.00016421527862548824,6.385322570800781e-05,8.695983886719029e-06,
80,6.501110999999999,2.6,26,227.472236,0.6865423636936051,0.00020131509456775755,0.0001637454986572267,6.331701278686523e-05,-1.3733291625976553e-05,
81,8.498889,2.6,26,229.47001400000002,0.7240519128516381,0.00020799267833547253,0.0001637548446655273,6.33816337585449e-05,-8.92333984375002e-06,
83,3.441153999999999,2.7,27,234.47001400000002,0.6865423636936051,0.00020131509456775755,0.0001637876510620119,6.335105895996092e-05,1.3838195800781362e-05,
84,1.558846,2.7,27,236.35232200000002,0.7240519128516381,0.00020799267833547253,0.00016385793685913075,6.349336624145507e-05,9.059333801269675e-06,
86,6.616581,2.8,28,241.35232200000002,0.6865423636936051,0.00020131509456775755,0.00016383237838745119,6.339429855346679e-05,-1.3944816589355272e-05,
87,8.383419,2.8,28,243.11916000000002,0.7240519128516381,0.00020799267833547253,0.0001639528274536132,6.359329223632813e-05,-9.191131591796894e-06,
89,3.3256840000000008,2.9,29,248.11916000000002,0.6865423636936051,0.00020131509456775755,0.00016389074325561534,6.344110488891601e-05,1.4064598083496187e-05,
90,1.674316,2.9,29,249.770528,0.7240519128516381,0.00020799267833547253,0.0001640695571899413,6.37220764160156e-05,9.341430664062522e-06,
92,6.732051000000001,3.0,30,254.770528,0.6865423636936051,0.00020131509456775755,0.00016395044326782235,6.349214553833007e-05,-1.4183998107910201e-05,
93,8.267949,3.0,30,256.306426,0.7240519128516381,0.00020799267833547253,0.00016418542861938463,6.385028839111327e-05,-9.490776062011548e-06,
95,3.2102140000000006,3.1,31,261.306426,0.6865423636936051,0.00020131509456775755,0.0001640133857727052,6.354318618774412e-05,1.4309120178222952e-05,
96,1.789786,3.1,31,262.726854,0.715340564017038,0.00020830002959393976,0.00016375818252563476,6.33437919616699e-05,9.730339050293378e-06,
98,6.847521,3.2,32,267.726854,0.6865423636936051,0.00020131509456775755,0.00016407556533813467,6.359634399414062e-05,-1.4436531066894503e-05,
99,8.152479,3.2,32,269.031812,0.715340564017038,0.00020830002959393976,0.0001638833045959473,6.34799003601074e-05,-9.89322662353501e-06,
101,3.0947440000000004,3.3,33,274.031812,0.6865423636936051,0.00020131509456775755,0.00016410427093505866,6.364738464355467e-05,1.4542388916015912e-05,
102,1.905256,3.3,33,275.2213,0.715340564017038,0.00020830002959393976,0.00016397123336791978,6.356006622314453e-05,1.0032081604004033e-05,
104,6.962991,3.4,34,280.2213,0.6865423636936051,0.00020131509456775755,0.0001641600608825683,6.370056152343748e-05,-1.4667320251464996e-05,
105,8.037009,3.4,34,281.295318,0.715340564017038,0.00020830002959393976,0.0001641009330749512,6.36515998840332e-05,-1.0204505920409935e-05,
107,2.979274,3.5,35,286.295318,0.6865423636936051,0.00020131509456775755,0.00016419124603271476,6.374999999999998e-05,1.477813720703134e-05,
108,2.020726,3.5,35,287.253866,0.715340564017038,0.00020830002959393976,0.00016421537399292007,6.35483932495117e-05,1.0367393493652434e-05,
110,7.078461,3.6,36,292.253866,0.6865423636936051,0.00020131509456775755,0.00016422452926635723,6.380313873291014e-05,-1.4889717102050618e-05,
111,7.921539,3.6,36,293.096944,0.715340564017038,0.00020830002959393976,0.00016434841156005853,6.345701217651365e-05,-1.0547256469726173e-05,
113,2.863804,3.7,37,298.096944,0.6865423636936051,0.00020131509456775755,0.0001642191886901854,6.385204315185545e-05,1.4978218078613454e-05,
114,2.136196,3.7,37,298.824552,0.715340564017038,0.00020830002959393976,0.0001644731521606446,6.363426208496093e-05,1.0723876953124944e-05,
116,7.193931,3.8,38,303.824552,0.6865423636936051,0.00020131509456775755,0.0001641723632812499,6.390092849731444e-05,-1.5040969848632846e-05,
117,7.806069,3.8,38,304.43669,0.715340564017038,0.00020830002959393976,0.00016460695266723641,6.352592468261716e-05,-1.0909843444823885e-05,
119,2.748334,3.9,39,309.43669,0.6865423636936051,0.00020131509456775755,0.00016401844024658196,6.394771575927733e-05,1.5030288696289175e-05,
120,2.251666,3.9,39,309.933358,0.715340564017038,0.00020830002959393976,0.00016473207473754873,6.344110488891601e-05,1.109523773193356e-05,
122,7.309400999999999,4.0,40,314.933358,0.6803716402588711,0.00020255026175429095,0.0001638422966003417,6.334695816040037e-05,-1.4975166320800853e-05,
123,7.690599,4.0,40,315.314556,0.715340564017038,0.00020830002959393976,0.00016484775543212883,6.291254043579102e-05,-1.1285781860351403e-05,
125,2.6328639999999996,4.1,41,320.314556,0.6803716402588711,0.00020255026175429095,0.00016308403015136727,6.330965042114256e-05,1.4579010009765827e-05,
126,2.367136,4.1,41,320.580284,0.715340564017038,0.00020830002959393976,0.00016468944549560545,6.297931671142578e-05,1.1470031738281244e-05,
128,7.4248709999999996,4.2,42,325.580284,0.688259197885186,0.00020566249047624795,0.00016415252685546885,6.33383560180664e-05,-1.3728332519531185e-05,
129,7.575129,4.2,42,325.730542,0.715340564017038,0.00020830002959393976,0.00016416492462158205,6.313119888305663e-05,-1.1706542968750039e-05,
131,2.5173940000000004,4.3,43,330.730542,0.688259197885186,0.00020566249047624795,0.0001623112678527832,6.339639663696287e-05,1.2626075744628842e-05,
132,2.482606,4.3,43,330.76533,0.715340564017038,0.00020830002959393976,0.00016254024505615232,6.334051132202148e-05,1.2050247192382877e-05,
134,7.459659,4.4,44,335.684648,0.694349710435783,0.00020944156794033172,0.00016413869857788074,6.334770202636719e-05,-1.2269401550292665e-05,
136,2.598076,4.5,45,340.488496,0.694349710435783,0.00020944156794033172,0.0001643024444580078,6.359483718872068e-05,1.2482833862304584e-05,
138,7.344189,4.6,46,345.176874,0.694349710435783,0.00020944156794033172,0.00016448001861572273,6.382759094238281e-05,-1.2728118896484283e-05,
140,2.713546,4.7,47,349.749782,0.6844430430845273,0.0002092338453925326,0.00016371536254882824,6.338279724121094e-05,1.3106155395507801e-05,
142,7.228719,4.8,48,354.20722,0.6844430430845273,0.0002092338453925326,0.00016381864547729491,6.347949981689452e-05,-1.3328742980957091e-05,
144,2.829016,4.9,49,358.549188,0.6844430430845273,0.0002092338453925326,0.00016394386291503906,6.362129211425781e-05,1.3552856445312247e-05,
146,7.113249,5.0,50,362.775686,0.6844430430845273,0.0002092338453925326,0.00016409654617309576,6.379467010498045e-05,-1.3809013366699284e-05,
148,2.944486,5.1,51,366.886714,0.6763929238522871,0.00020962851611444164,0.00016376276016235344,6.33428955078125e-05,1.419048309326187e-05,
150,6.997779,5.2,52,370.882272,0.6763929238522871,0.00020962851611444164,0.00016386880874633787,6.343557357788086e-05,-1.4433097839355001e-05,
152,3.059956,5.3,53,374.76236,0.6763929238522871,0.00020962851611444164,0.00016400089263916015,6.357963562011719e-05,1.4683532714844169e-05,
154,6.882309,5.4,54,378.526978,0.6763929238522871,0.00020962851611444164,0.00016416215896606452,6.375715255737304e-05,-1.496639251708995e-05,
156,3.175426,5.5,55,382.176126,0.6763929238522871,0.00020962851611444164,0.0001643348693847657,6.395153045654295e-05,1.5262985229492435e-05,
158,6.766838,5.6,56,385.709802,0.6659692030609796,0.0002098445898896645,0.0001637234687805174,6.337656021118164e-05,-1.5753364562988165e-05,
160,3.290897,5.7,57,389.128008,0.6659692030609796,0.0002098445898896645,0.00016382360458374007,6.344814300537107e-05,1.6025352478027475e-05,
162,6.651368,5.8,58,392.430744,0.6659692030609796,0.0002098445898896645,0.0001639594078063965,6.359249114990233e-05,-1.631412506103479e-05,
164,3.406367,5.9,59,395.61801,0.6659692030609796,0.0002098445898896645,0.0001641337394714356,6.378126144409178e-05,1.6640663146972722e-05,
166,6.535898,6.0,60,398.68980600000003,0.6580727352423057,0.00021010359672386575,0.000163756275177002,6.337625503540038e-05,-1.713504791259722e-05,
168,3.521837,6.1,61,401.646132,0.6580727352423057,0.00021010359672386575,0.00016388368606567397,6.34830856323242e-05,1.7457008361816684e-05,
170,6.420428,6.2,62,404.486988,0.6580727352423057,0.00021010359672386575,0.0001640503883361818,6.36603546142578e-05,-1.7799568176269254e-05,
172,3.637307,6.3,63,407.212374,0.6580727352423057,0.00021010359672386575,0.00016424970626831054,6.387561798095701e-05,1.818485260009781e-05,
174,6.304958,6.4,64,409.82229,0.6484829723037306,0.000210347392371294,0.0001637326240539552,6.337293624877929e-05,-1.8790626525878786e-05,
176,3.752777,6.5,65,412.316736,0.6484829723037306,0.000210347392371294,0.00016386308670043935,6.346961975097656e-05,1.9156074523925867e-05,
178,6.189488,6.6,66,414.695712,0.6484829723037306,0.000210347392371294,0.00016404266357421867,6.36564826965332e-05,-1.9546890258789057e-05,
180,3.868247,6.7,67,416.959218,0.6484829723037306,0.000210347392371294,0.00016426372528076166,6.389533996582029e-05,1.999282836914057e-05,
182,6.074018,6.8,68,419.107254,0.6383929359052554,0.00021061016265022786,0.0001637248992919923,6.336725234985352e-05,-2.0703124999999888e-05,
184,3.983717,6.9,69,421.13982,0.6383929359052554,0.00021061016265022786,0.00016386957168579102,6.346651077270506e-05,2.1125602722168058e-05,
186,5.958548,7.0,70,423.056916,0.6383929359052554,0.00021061016265022786,0.00016407194137573237,6.367559432983398e-05,-2.1589088439941378e-05,
188,4.099187,7.1,71,424.858542,0.6383929359052554,0.00021061016265022786,0.00016432371139526373,6.39446449279785e-05,2.2114372253417922e-05,
190,5.843078,7.2,72,426.544698,0.627375534091623,0.0002108455297266484,0.00016370878219604474,6.33645248413086e-05,-2.29700088500975e-05,
192,4.214657,7.3,73,428.115384,0.627375534091623,0.0002108455297266484,0.00016386833190917957,6.344787597656248e-05,2.3465347290039032e-05,
194,5.727608,7.4,74,429.5706,0.627375534091623,0.0002108455297266484,0.00016409978866577138,6.363975524902341e-05,-2.401447296142582e-05,
196,4.330127,7.5,75,430.910346,0.627375534091623,0.0002108455297266484,0.00016438846588134773,6.383790969848632e-05,2.4640274047851938e-05,
198,5.612138,7.6,76,432.134622,0.627375534091623,0.0002108455297266484,0.00016471195220947262,6.391445159912109e-05,-2.5317001342773076e-05,
200,4.445597,7.7,77,433.243428,0.627375534091623,0.0002108455297266484,0.00016506519317626952,6.380567550659177e-05,2.60437011718748e-05,
202,5.496668,7.8,78,434.236764,0.627375534091623,0.0002108455297266484,0.00016544113159179703,6.327861785888672e-05,-2.6820755004882714e-05,
204,4.561067,7.9,79,435.11463,0.631391056214595,0.00020565331376029127,0.00016368827819824216,6.329505920410155e-05,2.7534103393555068e-05,
206,5.381198,8.0,80,435.877026,0.6520475093428403,0.00020149718400577015,0.00016382560729980488,6.325271606445312e-05,-2.7947235107421767e-05,
208,4.676537,8.1,81,436.523952,0.6869380146383266,0.00019480290089344697,0.00016375951766967782,6.319089889526367e-05,2.830066680908211e-05,
210,5.265728,8.2,82,437.055408,0.7613154167810867,0.00018360619022424988,0.0001633111000061034,6.331296920776365e-05,-2.835750579833953e-05,
212,4.792007,8.3,83,437.471394,0.9091240656910275,0.00017022735524995587,0.00016353960037231445,6.321765899658201e-05,2.9025459289550633e-05,
214,5.150258,8.4,84,437.77191,1.3450196261812466,0.00014938790874011846,0.0001633413314819335,6.305404663085935e-05,-2.9291534423827974e-05,
216,4.907477,8.5,85,437.956956,2.861696100716486,0.00012355949507210137,0.00016253070831298826,6.194265365600584e-05,2.8988265991211452e-05,
218,5.034788,8.6,86,438.026532,3.0,0.00010605169839948179,0.00015734148025512698,4.277290344238281e-05,-3.7013435363769144e-05,Phi
